{
  "prompt": "Explain how photosynthesis works in simple terms.",
  "beam_results": [
    {
      "rank": 1,
      "text": "\n\n**Photosynthesis**\n\nPhotosynthesis is how plants make their own food. It's like a magical recipe that uses sunlight, water, and carbon dioxide to create sugar (glucose) and oxygen.\n\nHere's a breakdown:\n\n1. **Sunlight:** Plants use sunlight as energy.\n2. **Water:** Plants absorb water through their roots.\n3. **Carbon Dioxide:** Plants take in carbon dioxide from the air through tiny holes in their leaves.\n4. **",
      "log_probability": -16.522642135620117,
      "normalized_score": -0.06577780842781067,
      "length_normalized_log_probability": -0.16522641479969025,
      "generation_length": 100,
      "is_finished": false,
      "tokens": [108, 1018, 49660, 30445, 1018, 108, 49660, 30445, 563, 1217, 6485, 1386, 910, 1852, 2780, 236761, 1030, 236789, 236751, 1133, 496, 30520, 15028, 600, 6178, 26808, 236764, 1813, 236764, 532, 6800, 26314, 531, 2619, 9792, 568, 118594, 236768, 532, 12123, 236761, 108, 8291, 236789, 236751, 496, 25890, 236787, 108, 236770, 236761, 5213, 18318, 3223, 53121, 44812, 1161, 26808, 618, 2778, 236761, 107, 236778, 236761, 5213, 17390, 53121, 44812, 22792, 1813, 1343, 910, 14546, 236761, 107, 236800, 236761, 5213, 71275, 169828, 53121, 44812, 1769, 528, 6800, 26314, 699, 506, 2634, 1343, 16383, 15629, 528, 910, 6895, 236761, 107, 236812, 236761, 5213]
    },
    {
      "rank": 2,
      "text": "\n\n**Photosynthesis**\n\nPhotosynthesis is how plants make their own food. It's like a magical process that uses sunlight, water, and carbon dioxide to create sugar (glucose) and oxygen.\n\nHere's a breakdown:\n\n1. **Sunlight:** Plants use sunlight as energy.\n2. **Water:** Plants absorb water through their roots.\n3. **Carbon Dioxide:** Plants take in carbon dioxide from the air through tiny holes in their leaves.\n4. **",
      "log_probability": -16.540220260620117,
      "normalized_score": -0.06584778428077698,
      "length_normalized_log_probability": -0.16540220379829407,
      "generation_length": 100,
      "is_finished": false,
      "tokens": [108, 1018, 49660, 30445, 1018, 108, 49660, 30445, 563, 1217, 6485, 1386, 910, 1852, 2780, 236761, 1030, 236789, 236751, 1133, 496, 30520, 1657, 600, 6178, 26808, 236764, 1813, 236764, 532, 6800, 26314, 531, 2619, 9792, 568, 118594, 236768, 532, 12123, 236761, 108, 8291, 236789, 236751, 496, 25890, 236787, 108, 236770, 236761, 5213, 18318, 3223, 53121, 44812, 1161, 26808, 618, 2778, 236761, 107, 236778, 236761, 5213, 17390, 53121, 44812, 22792, 1813, 1343, 910, 14546, 236761, 107, 236800, 236761, 5213, 71275, 169828, 53121, 44812, 1769, 528, 6800, 26314, 699, 506, 2634, 1343, 16383, 15629, 528, 910, 6895, 236761, 107, 236812, 236761, 5213]
    },
    {
      "rank": 3,
      "text": "\n\n**Photosynthesis** isPhotosynthesis is how plants make their own food. It's like a magical recipe that uses sunlight, water, and carbon dioxide to create sugar (glucose) and oxygen.\n\nHere's a breakdown:\n\n1. **Sunlight:** Plants use sunlight as energy.\n2. **Water:** Plants absorb water through their roots.\n3. **Carbon Dioxide:** Plants take in carbon dioxide from the air through tiny holes in their leaves.\n4. **",
      "log_probability": -16.599790573120117,
      "normalized_score": -0.06608494371175766,
      "length_normalized_log_probability": -0.16599790751934052,
      "generation_length": 100,
      "is_finished": false,
      "tokens": [108, 1018, 49660, 30445, 1018, 563, 49660, 30445, 563, 1217, 6485, 1386, 910, 1852, 2780, 236761, 1030, 236789, 236751, 1133, 496, 30520, 15028, 600, 6178, 26808, 236764, 1813, 236764, 532, 6800, 26314, 531, 2619, 9792, 568, 118594, 236768, 532, 12123, 236761, 108, 8291, 236789, 236751, 496, 25890, 236787, 108, 236770, 236761, 5213, 18318, 3223, 53121, 44812, 1161, 26808, 618, 2778, 236761, 107, 236778, 236761, 5213, 17390, 53121, 44812, 22792, 1813, 1343, 910, 14546, 236761, 107, 236800, 236761, 5213, 71275, 169828, 53121, 44812, 1769, 528, 6800, 26314, 699, 506, 2634, 1343, 16383, 15629, 528, 910, 6895, 236761, 107, 236812, 236761, 5213]
    },
    {
      "rank": 4,
      "text": "\n\n**Photosynthesis**\n\nImagineynthesis is how plants make their own food. It's like a magical recipe that uses sunlight, water, and carbon dioxide to create sugar (glucose) and oxygen.\n\nHere's a breakdown:\n\n1. **Sunlight:** Plants use sunlight as energy.\n2. **Water:** Plants absorb water through their roots.\n3. **Carbon Dioxide:** Plants take in carbon dioxide from the air through tiny holes in their leaves.\n4. **",
      "log_probability": -16.601743698120117,
      "normalized_score": -0.06609271466732025,
      "length_normalized_log_probability": -0.16601744294166565,
      "generation_length": 100,
      "is_finished": false,
      "tokens": [108, 1018, 49660, 30445, 1018, 108, 70895, 30445, 563, 1217, 6485, 1386, 910, 1852, 2780, 236761, 1030, 236789, 236751, 1133, 496, 30520, 15028, 600, 6178, 26808, 236764, 1813, 236764, 532, 6800, 26314, 531, 2619, 9792, 568, 118594, 236768, 532, 12123, 236761, 108, 8291, 236789, 236751, 496, 25890, 236787, 108, 236770, 236761, 5213, 18318, 3223, 53121, 44812, 1161, 26808, 618, 2778, 236761, 107, 236778, 236761, 5213, 17390, 53121, 44812, 22792, 1813, 1343, 910, 14546, 236761, 107, 236800, 236761, 5213, 71275, 169828, 53121, 44812, 1769, 528, 6800, 26314, 699, 506, 2634, 1343, 16383, 15629, 528, 910, 6895, 236761, 107, 236812, 236761, 5213]
    }
  ]
}